{
  "sensor_noise": {
    "mu": 0.0,
    "sigma": 0.1
  },
  "move_error": {
    "mu": 0.0,
    "sigma": 0.05
  },
  "results": [
    {
      "seq": [
        "Sensor"
      ],
      "sensor_reading": [
        0.6788628473430318
      ],
      "move_amount": [
        0.0
      ],
      "actual_move": [
        0.0
      ],
      "mu": 0.6430902778744254,
      "sigma": 0.07999999999999999
    },
    {
      "seq": [
        "Move"
      ],
      "sensor_reading": [
        0.0
      ],
      "move_amount": [
        0.1
      ],
      "actual_move": [
        0.12182549252559947
      ],
      "mu": 0.6,
      "sigma": 0.45
    },
    {
      "seq": [
        "Both"
      ],
      "sensor_reading": [
        0.41847560306715137
      ],
      "move_amount": [
        0.1
      ],
      "actual_move": [
        0.10482487340360044
      ],
      "mu": 0.4514800388731238,
      "sigma": 0.08181818181818185
    },
    {
      "seq": [
        "Sensor",
        "Sensor",
        "Sensor"
      ],
      "sensor_reading": [
        0.4722611797485601,
        0.46452410207310135,
        0.49172585185175405
      ],
      "move_amount": [
        0.0,
        0.0,
        0.0
      ],
      "actual_move": [
        0.0,
        0.0,
        0.0
      ],
      "mu": 0.4780034257456663,
      "sigma": 0.030769230769230764
    },
    {
      "seq": [
        "Move",
        "Move",
        "Move"
      ],
      "sensor_reading": [
        0.0,
        0.0,
        0.0
      ],
      "move_amount": [
        0.1,
        -0.2,
        0.05
      ],
      "actual_move": [
        0.06864996615880764,
        -0.20219090844879642,
        0.026139098482024867
      ],
      "mu": 0.44999999999999996,
      "sigma": 0.55
    },
    {
      "seq": [
        "Both",
        "Sensor",
        "Move"
      ],
      "sensor_reading": [
        0.6227690003818244,
        0.6224385665526189,
        0.0
      ],
      "move_amount": [
        0.1,
        0.0,
        0.05
      ],
      "actual_move": [
        0.0343067623318659,
        0.0,
        0.13547865318264743
      ],
      "mu": 0.6703434051204995,
      "sigma": 0.09500000000000001
    }
  ]
}