{
  "n_doors": 3,
  "n_bins": 20,
  "world": [
    0.275,
    0.5750000000000001,
    0.7250000000000001
  ],
  "sensor_noise": {
    "mu": 0.0,
    "sigma": 0.1
  },
  "move_error": {
    "mu": 0.0,
    "sigma": 0.05
  },
  "results": [
    {
      "seq": [
        "Door"
      ],
      "sensor_reading": [
        false
      ],
      "move_amount": [
        0.0
      ],
      "actual_move": [
        0.0
      ],
      "histogram": [
        0.045,
        0.046,
        0.043,
        0.069,
        0.066,
        0.023,
        0.048,
        0.035,
        0.061,
        0.076,
        0.071,
        0.011,
        0.053,
        0.076,
        0.014,
        0.043,
        0.058,
        0.033,
        0.065,
        0.064
      ]
    },
    {
      "seq": [
        "Dist"
      ],
      "sensor_reading": [
        0.5251641871268601
      ],
      "move_amount": [
        0.0
      ],
      "actual_move": [
        0.0
      ],
      "histogram": [
        0.0,
        0.0,
        0.0,
        0.001,
        0.003,
        0.012,
        0.033,
        0.046,
        0.109,
        0.172,
        0.224,
        0.168,
        0.137,
        0.055,
        0.031,
        0.007,
        0.002,
        0.0,
        0.0,
        0.0
      ]
    },
    {
      "seq": [
        "Move"
      ],
      "sensor_reading": [
        0.0
      ],
      "move_amount": [
        0.1
      ],
      "actual_move": [
        0.11868268807281804
      ],
      "histogram": [
        0.003,
        0.019,
        0.032,
        0.042,
        0.052,
        0.049,
        0.047,
        0.051,
        0.046,
        0.057,
        0.048,
        0.058,
        0.054,
        0.061,
        0.043,
        0.035,
        0.056,
        0.052,
        0.072,
        0.123
      ]
    },
    {
      "seq": [
        "Move_dist"
      ],
      "sensor_reading": [
        0.6603810944427048
      ],
      "move_amount": [
        0.1
      ],
      "actual_move": [
        0.06358928353323745
      ],
      "histogram": [
        0.0,
        0.0,
        0.0,
        0.0,
        0.0,
        0.0,
        0.0,
        0.005,
        0.01,
        0.024,
        0.088,
        0.135,
        0.238,
        0.186,
        0.133,
        0.093,
        0.047,
        0.027,
        0.01,
        0.004
      ]
    },
    {
      "seq": [
        "Move_door"
      ],
      "sensor_reading": [
        true
      ],
      "move_amount": [
        0.1
      ],
      "actual_move": [
        0.041268667272939236
      ],
      "histogram": [
        0.001,
        0.015,
        0.013,
        0.026,
        0.02,
        0.159,
        0.016,
        0.031,
        0.025,
        0.022,
        0.074,
        0.168,
        0.03,
        0.021,
        0.197,
        0.044,
        0.018,
        0.024,
        0.036,
        0.06
      ]
    },
    {
      "seq": [
        "Move_door",
        "Move_dist",
        "Move_door"
      ],
      "sensor_reading": [
        false,
        0.37330479837497715,
        false
      ],
      "move_amount": [
        0.1,
        -0.2,
        0.05
      ],
      "actual_move": [
        0.10519227873074151,
        -0.20964404061243838,
        -0.028928266663530558
      ],
      "histogram": [
        0.0,
        0.002,
        0.006,
        0.016,
        0.06,
        0.021,
        0.15,
        0.181,
        0.185,
        0.178,
        0.13,
        0.016,
        0.027,
        0.026,
        0.0,
        0.002,
        0.0,
        0.0,
        0.0,
        0.0
      ]
    }
  ]
}